t,x,y,z,speed_mps
9.701333323657000562e+01,-5.373462973586931923e+00,-1.297903246298507440e+01,2.452152194988948253e+01,0.000000000000000000e+00
9.751333323657000562e+01,-5.170018864056703300e+00,-1.037106645001091998e+01,2.407419591390521063e+01,1.057315034782209562e+00
1.000133332365700340e+02,5.026003125916118641e+00,-2.886477243886975685e-02,1.680085145621974618e+01,6.208660733628033945e+00
1.005133332365700483e+02,8.815732052466515256e+00,1.658760747075350039e+00,1.566596582266852522e+01,3.281647340856471029e+00
1.010133332365700483e+02,9.784880797569520894e+00,1.244448152266203422e+00,1.581008782653573697e+01,1.482147205426799674e+00
1.015133332365700625e+02,1.043063243875790569e+01,6.612854605270106489e-01,1.736363629578345424e+01,6.874415129660801371e-01
1.020133332365700625e+02,1.121940597205903778e+01,4.120628926504111833e-01,1.960176215819656065e+01,7.463551156717496138e-01
1.025133332365700767e+02,9.977274166075636330e+00,-8.849705891074906017e-01,2.192644894828285018e+01,8.558672782200413831e-01
1.030133332365700767e+02,1.060086649035204331e+01,-1.270879589013167443e+00,2.460785894284541442e+01,9.872661294999042214e-01
1.035133332365700909e+02,1.219889933971534646e+01,-1.126127332437641959e+00,2.663709586944482766e+01,9.688269405778762167e-01
1.040133332365700909e+02,1.380944577905887805e+01,-4.837679839179890307e-01,2.794420974984720019e+01,8.745336706463391341e-01
1.045133332365701051e+02,1.539630571478430454e+01,-6.688849792694442908e-02,2.837613974448017373e+01,7.241584666757117095e-01
1.050133332365701051e+02,1.647366466451923372e+01,3.542311562883976306e-01,2.809982582289815412e+01,5.332780458946670965e-01
1.055133332365701193e+02,1.672307161036328793e+01,2.019410100752364379e+00,2.778651381170920942e+01,5.312546907719806200e-01
1.060133332365701193e+02,1.563155128461218091e+01,5.404683073460802234e+00,2.754636299541078159e+01,1.001891132004236518e+00
1.065133332365701335e+02,1.401292014109280615e+01,9.248531879929709376e+00,2.713862212316593769e+01,1.391311666985736828e+00
1.070133332365701335e+02,1.260294132833395508e+01,1.264036822763850587e+01,2.623528716545004968e+01,1.458518611385478891e+00
1.075133332365701477e+02,1.110324907680597839e+01,1.536933651213132634e+01,2.533964220740798368e+01,1.358056594210383050e+00
1.080133332365701477e+02,8.921997463364505165e+00,1.810049938660512936e+01,2.495935490885178254e+01,1.375175151559695053e+00
1.085133332365701619e+02,6.272729474845038844e+00,2.132435660654724430e+01,2.488621945603735597e+01,1.543278797521106194e+00
1.090133332365701619e+02,4.145382516590799149e+00,2.404037327028324000e+01,2.478584197759195362e+01,1.446837019987487594e+00
1.095133332365701762e+02,2.208572474324954626e+00,2.640237268980447638e+01,2.478098028449912249e+01,1.313453184743598401e+00
1.100133332365701762e+02,6.100403830553089435e-01,2.834353412387234172e+01,2.471064557078319268e+01,1.131951210324677826e+00
1.105133332365701762e+02,-7.213507651244366325e-01,2.922475031981045035e+01,2.458514696745800521e+01,8.318231442081117644e-01
1.110133332365701904e+02,-1.662245341349439132e+00,2.873318975221666349e+01,2.464251681432012475e+01,4.846992306102548276e-01
1.115133332365701904e+02,-2.380656268972029643e+00,2.724364935510148200e+01,2.458453220302040521e+01,4.734432068613985134e-01
1.120133332365702046e+02,-2.329522797718726945e+00,2.490141010111844722e+01,2.460888913236683706e+01,6.915471648814968120e-01
1.125133332365702046e+02,-1.003280147368416086e+00,2.177322237489099166e+01,2.484883415649030169e+01,1.050284708387617671e+00
1.130133332365702188e+02,1.232776411946015394e+00,1.812453096810571651e+01,2.509138588522500868e+01,1.428981224980765852e+00
1.135133332365702188e+02,4.119439839184106944e+00,1.409408775191937835e+01,2.537365557257453474e+01,1.753095778462085974e+00
1.140133332365702330e+02,6.639955537343066538e+00,1.039875136850659310e+01,2.593797753580166088e+01,1.781611295326535505e+00
1.145133332365702330e+02,8.258757828588800365e+00,7.177355248340735017e+00,2.668553816139106871e+01,1.594120631671630761e+00
1.150133332365702472e+02,9.297148905386086071e+00,4.252621489517888875e+00,2.758119290710378024e+01,1.407566482476430014e+00
1.155133332365702472e+02,9.879409243737569568e+00,1.180814548911364392e+00,2.838536905072001204e+01,1.330004139004539176e+00
1.160133332365702614e+02,1.064835223945083520e+01,-2.253125856075524069e+00,2.923699743753966374e+01,1.399071127841431839e+00
1.165133332365702614e+02,1.204496013066947846e+01,-5.997468611296132401e+00,2.972558038828956128e+01,1.519380880951613610e+00
1.170133332365702756e+02,1.368387293400032156e+01,-9.978466680714648263e+00,3.018219200119342815e+01,1.643062732124709990e+00
1.175133332365702756e+02,1.514758268516519202e+01,-1.410796455703429153e+01,3.054155648086469199e+01,1.710636197327892738e+00
1.180133332365702898e+02,1.624715271325609933e+01,-1.779370246135867717e+01,3.100106083505577459e+01,1.614661112817005639e+00
1.185133332365702898e+02,1.693665190731302062e+01,-2.093764795554733027e+01,3.138981897912499619e+01,1.425156547887808545e+00
1.190133332365703041e+02,1.712582187701137570e+01,-2.307503075973333750e+01,3.148059768141661507e+01,1.085957888713042330e+00
1.195133332365703041e+02,1.711186349641928928e+01,-2.366854576819046230e+01,3.117202067840960567e+01,5.821838027024639484e-01
1.200133332365703183e+02,1.710454444752267023e+01,-2.416863070314154882e+01,3.086530150831138641e+01,3.657429973849058991e-01
1.205133332365703183e+02,1.652203401011477268e+01,-2.445261872698255345e+01,3.167564296162852955e+01,2.914182060992590029e-01
1.210133332365703183e+02,1.553475054940440714e+01,-2.528087158321747907e+01,3.095675965564366905e+01,4.148177864092436606e-01
1.215133332365703325e+02,1.358412347729222702e+01,-2.553707153534994490e+01,2.970680432392805770e+01,6.922378146373093788e-01
1.220133332365703325e+02,1.173172009265217497e+01,-2.557479970453113083e+01,2.908962424122565338e+01,7.360680537264535639e-01
1.225133332365703467e+02,1.031301488841192793e+01,-2.562934366072972381e+01,2.900026609227613150e+01,6.280676072639493901e-01
1.230133332365703467e+02,9.100817375191917691e+00,-2.476980663873562705e+01,2.888467756635044026e+01,5.734179640039498427e-01
1.235133332365703609e+02,8.158666650630182815e+00,-2.370366970912769489e+01,2.884093730912258380e+01,5.519757433583023509e-01
1.240133332365703609e+02,7.335636832867701962e+00,-2.246832945063607667e+01,2.887898251545936290e+01,5.678147317538355665e-01
1.245133332365703751e+02,6.955886187388385267e+00,-2.091879677253611902e+01,2.903194666129047263e+01,5.935943659467464162e-01
1.250133332365703751e+02,6.488418855632748894e+00,-1.910213260883279318e+01,2.888172126141075680e+01,6.838843964617603577e-01
1.255133332365703893e+02,5.607577574403736165e+00,-1.724080719596711830e+01,2.839322989305681588e+01,7.748998784411693652e-01
1.260133332365703893e+02,4.668727671421177838e+00,-1.526791058983378235e+01,2.818074084800850443e+01,8.352035304058300635e-01
1.265133332365704035e+02,3.709700163951245688e+00,-1.283450205847627146e+01,2.795022720026778629e+01,9.618539220977312398e-01
1.270133332365704035e+02,2.873172910706831118e+00,-9.994476284512314734e+00,2.747967611033259061e+01,1.100173916580930111e+00
1.275133332365704177e+02,2.179372460117952937e+00,-6.731750416442018548e+00,2.707406138824654818e+01,1.242347814503250047e+00
1.280133332365704177e+02,1.717007836201891680e+00,-3.393742803473691616e+00,2.649779711770629120e+01,1.314040752092470843e+00
1.285133332365704177e+02,1.258839713111788550e+00,-4.352681380374348041e-01,2.595186802042123020e+01,1.256632902283471909e+00
1.290133332365704462e+02,7.355389253303816766e-01,2.561196488175734753e+00,2.542189531496849852e+01,1.243877470926700868e+00
1.295133332365704462e+02,-3.731533529625596923e-01,6.577357307926806840e+00,2.523764694054182911e+01,1.490181096678899086e+00
1.300133332365704462e+02,-2.221435566233968650e+00,1.156647784471693541e+01,2.518189677659529124e+01,1.863008253144305071e+00
1.305133332365704462e+02,-3.676125924600898376e+00,1.557324384117402261e+01,2.481199805774021172e+01,1.772708907671026735e+00
1.310133332365704462e+02,-4.916433903563099506e+00,1.903613341837038320e+01,2.414016670752194571e+01,1.606363020982811918e+00
1.315133332365704746e+02,-6.162145525964258574e+00,2.263714576312887417e+01,2.355932147498704410e+01,1.568096034044919929e+00
1.320133332365704746e+02,-7.376530029933756616e+00,2.578205263126783109e+01,2.316684028357931879e+01,1.443449386834821935e+00
1.360133332365705314e+02,5.591711477215941528e+00,3.641554663588654250e+01,2.274275185455746140e+01,3.222107898046823404e+00
